-- phpMyAdmin SQL Dump
-- version 4.6.5.2
-- https://www.phpmyadmin.net/
--
-- Máy chủ: 127.0.0.1
-- Thời gian đã tạo: Th6 01, 2017 lúc 08:22 SA
-- Phiên bản máy phục vụ: 10.1.21-MariaDB
-- Phiên bản PHP: 7.1.1

SET SQL_MODE = "NO_AUTO_VALUE_ON_ZERO";
SET time_zone = "+00:00";


/*!40101 SET @OLD_CHARACTER_SET_CLIENT=@@CHARACTER_SET_CLIENT */;
/*!40101 SET @OLD_CHARACTER_SET_RESULTS=@@CHARACTER_SET_RESULTS */;
/*!40101 SET @OLD_COLLATION_CONNECTION=@@COLLATION_CONNECTION */;
/*!40101 SET NAMES utf8mb4 */;

--
-- Cơ sở dữ liệu: `tat`
--

-- --------------------------------------------------------

--
-- Cấu trúc bảng cho bảng `loaitin`
--

CREATE TABLE `loaitin` (
  `id` int(10) NOT NULL,
  `tenloaitin` varchar(255) COLLATE utf8_unicode_ci NOT NULL,
  `capcha` int(10) NOT NULL
) ENGINE=InnoDB DEFAULT CHARSET=utf8 COLLATE=utf8_unicode_ci;

--
-- Đang đổ dữ liệu cho bảng `loaitin`
--

INSERT INTO `loaitin` (`id`, `tenloaitin`, `capcha`) VALUES
(1, 'Giới Thiệu', 0),
(2, 'Tin Tức', 0),
(3, 'Dịch Vụ', 0),
(4, 'Đào Tạo', 0),
(5, 'Giới Thiệu', 888),
(6, 'Chức năng và nhiệm vụ', 1),
(7, 'Cơ cấu tổ chức', 1),
(8, 'Năng lực hoạt động', 1),
(9, 'Tin hoạt động.', 2),
(10, 'Tin CNTT và truyền thông.', 2),
(11, 'Tư vấn lập, quản lý, giám sát dự án.', 3),
(12, 'Sửa chữa máy tính và mạng.', 3),
(13, 'Quản trị, đảm bảo an toàn thông tin hệ thống mạng.\r\n', 3),
(14, 'Phát triển phần mềm ứng dụng.', 3),
(15, 'Cho thuê phòng máy, hội nghị.', 3),
(16, 'Lịch khai giảng.', 4),
(17, 'Chương trình đào tạo', 4),
(18, 'Kinh nghiệm và thủ thuật', 888),
(19, 'Thông báo', 888),
(20, 'Văn Bản Chuyên Ngành', 888);

-- --------------------------------------------------------

--
-- Cấu trúc bảng cho bảng `phanquyen`
--

CREATE TABLE `phanquyen` (
  `id` int(10) NOT NULL,
  `tencapquyen` varchar(255) COLLATE utf8_unicode_ci NOT NULL
) ENGINE=InnoDB DEFAULT CHARSET=utf8 COLLATE=utf8_unicode_ci;

--
-- Đang đổ dữ liệu cho bảng `phanquyen`
--

INSERT INTO `phanquyen` (`id`, `tencapquyen`) VALUES
(1, 'admin'),
(2, 'poster'),
(3, 'approver');

-- --------------------------------------------------------

--
-- Cấu trúc bảng cho bảng `quangcao`
--

CREATE TABLE `quangcao` (
  `id` int(11) NOT NULL,
  `urlanh` text COLLATE utf8_unicode_ci NOT NULL,
  `link` text COLLATE utf8_unicode_ci NOT NULL
) ENGINE=InnoDB DEFAULT CHARSET=utf8 COLLATE=utf8_unicode_ci;

--
-- Đang đổ dữ liệu cho bảng `quangcao`
--

INSERT INTO `quangcao` (`id`, `urlanh`, `link`) VALUES
(1, 'quancao1.png', 'http://ttcntt.stttt.khanhhoa.gov.vn/kcitc/'),
(2, 'quancao2.jpg', 'http://smartjob.vn/');

-- --------------------------------------------------------

--
-- Cấu trúc bảng cho bảng `tintuc`
--

CREATE TABLE `tintuc` (
  `id` int(10) NOT NULL,
  `anh` varchar(255) COLLATE utf8_unicode_ci NOT NULL,
  `tieudetin` varchar(255) COLLATE utf8_unicode_ci NOT NULL,
  `tomtattin` varchar(255) COLLATE utf8_unicode_ci NOT NULL,
  `noidung` text COLLATE utf8_unicode_ci NOT NULL,
  `ngaydangtin` datetime NOT NULL,
  `idloaitin` int(11) NOT NULL,
  `iduser` int(11) NOT NULL,
  `keyword` varchar(255) COLLATE utf8_unicode_ci NOT NULL,
  `duyet` int(1) NOT NULL,
  `noibat` int(11) NOT NULL,
  `ttedit` int(11) NOT NULL,
  `thongbao` int(11) NOT NULL
) ENGINE=InnoDB DEFAULT CHARSET=utf8 COLLATE=utf8_unicode_ci;

--
-- Đang đổ dữ liệu cho bảng `tintuc`
--

INSERT INTO `tintuc` (`id`, `anh`, `tieudetin`, `tomtattin`, `noidung`, `ngaydangtin`, `idloaitin`, `iduser`, `keyword`, `duyet`, `noibat`, `ttedit`, `thongbao`) VALUES
(109, 'images-tin-hoat-dong-Ky-ket-hop-tac29062014-stretch-400x260.jpg', 'Hơn 300 người tham dự hội thảo “Gặp gỡ ICT Khánh Hòa 2014”', 'Chiều 28-6-2014, Hội Tin học Khánh Hòa phối hợp với Sở Thông tin và Truyền thông, Sở Khoa học và Công nghệ Khánh Hòa tổ chức hội thảo “Gặp gỡ ICT Khánh Hòa 2014”', '<p><strong>Chiều 28-6-2014, Hội Tin học Khánh Hòa phối hợp với Sở Thông tin và Truyền thông, Sở Khoa học và Công nghệ Khánh Hòa tổ chức hội thảo &ldquo;Gặp gỡ ICT Khánh Hòa 2014&rdquo;. Hội thảo thu hút hơn 300 nhân viên ICT của các cơ quan ban, ngành, trường học. Ông Lê Xuân Thân - Phó Chủ tịch UBND tỉnh Khánh Hòa đến dự.</strong></p>\r\n\r\n<p>Tại hội thảo, các đại biểu đã được giới thiệu các chính sách phát triển ICT Khánh Hòa; chiến lược phát triển khoa học công nghệ và thúc đẩy ứng dụng công nghệ thông tin; những xu hướng phát triển công nghệ mới; ứng dụng công nghệ điện toán đám mây và di động trong lĩnh vực giáo dục, chính phủ điện tử, thư viện, xuất bản điện tử, thanh toán di động... Cũng tại hội thảo, lãnh đạo Sở Thông tin và Truyền thông, Sở Khoa học và Công nghệ và Hội Tin học Khánh Hòa đã ký kết chương trình hợp tác phối hợp triển khai các hoạt động công nghệ thông tin và truyền thông trên địa bàn tỉnh.</p>\r\n\r\n<p style=\"text-align:center\"><strong><img alt=\"\" src=\"/ckfinder/userfiles/files/nh/moi/images-tin-hoat-dong-tthc-stretch-400x250.jpg\" style=\"height:260px; width:400px\" /></strong></p>\r\n\r\n<p style=\"text-align:center\">&nbsp;</p>\r\n\r\n<p style=\"text-align:center\"><em>Ký kết chương trình hợp tác giữa Sở Thông tin và Truyền thông, Sở Khoa học và Công nghệ và Hội Tin học Khánh Hòa.</em></p>\r\n\r\n<p>Dịp này, thay mặt Ban vận động Chương trình &ldquo;Máy tính cho cuộc sống&rdquo;, ông Lê Xuân Thân - Phó Chủ tịch UBND tỉnh Khánh Hòa đã phát động và kêu gọi các tổ chức, doanh nghiệp, các nhà hảo tâm cùng chung tay đóng góp ủng hộ hiện vật cho chương trình; đồng thời tiếp nhận 8 bộ máy vi tính do các đơn vị trao tặng cho chương trình. Cũng nhân dịp này, đại diện các doanh nghiệp tham dự đã trao tặng 16 triệu đồng ủng hộ Quỹ học bổng dành cho học sinh giỏi có hoàn cảnh khó khăn tỉnh Khánh Hòa.</p>\r\n', '2017-05-18 14:03:11', 9, 1, 'Hơn 300 người tham dự hội thảo “Gặp gỡ ICT Khánh Hòa 2014”', 1, 0, 0, 1),
(110, 'images-tin-hoat-dong-tthc-stretch-400x251.jpg', 'Khánh Hòa: Từ 1-7-2014, hơn 100 thủ tục hành chính nhà nước sẽ được tiếp nhận, giải quyết trực tuyến qua mạng Internet', 'Theo quyết định 1375/QĐ-UBND ban hành ngày 4-6-2014 của UBND tỉnh Khánh Hòa, bắt đầu từ ngày 1-7-2014, hơn 100 thủ tục hành chính Nhà nước sẽ được', '<p><strong>Theo quyết định 1375/QĐ-UBND ban hành ngày 4-6-2014 của UBND tỉnh Khánh Hòa, bắt đầu từ ngày 1-7-2014, hơn 100 thủ tục hành chính Nhà nước sẽ được tiếp nhận, giải quyết theo cơ chế một cửa, một cửa liên thông trực tuyến qua mạng Internet ở mức độ 3.</strong></p>\r\n\r\n<p>Thay vì trực tiếp đến trụ sở làm việc của các sở, ban, ngành và địa phương; tổ chức, cá nhân, doanh nghiệp có thể đăng ký thủ tục qua giao dịch trực tuyến để tiết kiệm thời gian, chi phí, công sức đi lại, được bảo đảm tính minh bạch trong giải quyết công việc.</p>\r\n\r\n<p style=\"text-align:center\"><img alt=\"\" src=\"/ckfinder/userfiles/files/nh/moi/images-tin-hoat-dong-tthc-stretch-400x250%20(1).jpg\" style=\"height:250px; width:400px\" /></p>\r\n\r\n<p style=\"text-align:center\"><em>Ảnh minh họa.</em></p>\r\n\r\n<p>Danh mục thủ tục hành chính được ban hành thuộc nhiều lĩnh vực xây dựng, đất đai, môi trường, đăng ký doanh nghiệp, hành nghề dược, an toàn vệ sinh thực phẩm, đào tạo - dạy nghề, báo chí, xuất bản, bưu chính, tư pháp, văn hóa, thể thao, du lịch...&nbsp;</p>\r\n\r\n<p>Đây là bước phát triển mới về nâng cao chất lượng phục vụ người dân, tổ chức, doanh cũng như khả năng điều hành của bộ máy hành chính tỉnh, tiến tới xây dựng chính quyền điện tử.</p>\r\n', '2017-05-18 14:06:01', 9, 1, 'Khánh Hòa: Từ 1-7-2014, hơn 100 thủ tục hành chính nhà nước sẽ được tiếp nhận, giải quyết trực tuyến qua mạng Internet', 1, 0, 0, 0),
(111, 'images-tin-hoat-dong-2014-Dao_tao_truc_tiep-stretch-450x337.JPG', 'Hội thảo lấy ý kiến thí điểm việc kết hợp phương thức từ xa và trực tiếp trong bồi dưỡng công nghệ thông tin cho cán bộ, công chức xã', 'Chiều 28-7-2014, Sở Nội vụ tỉnh Khánh Hòa tổ chức Hội thảo lấy ý kiến về thí điểm việc kết hợp phương thức từ xa và ...', '<p><strong>Chiều 28-7-2014, Sở Nội vụ tỉnh Khánh Hòa tổ chức Hội thảo lấy ý kiến về thí điểm việc kết hợp phương thức từ xa và trực tiếp trong bồi dưỡng công nghệ thông tin (CNTT) cho cán bộ, công chức xã theo Đề án 1956. Tham dự hội thảo có lãnh đạo Sở Thông tin và Truyền thông, Sở Lao động Thương binh và xã hội, UBND huyện Cam Lâm, Trung tâm Nghiên cứu và Phát triển công nghệ phần mềm, các giảng viên chương trình bồi dưỡng CNTT theo Đề án 1956, đại diện lãnh đạo UBND và công chức Văn phòng &ndash; Thống kê 13 xã trên địa bàn huyện Cam Lâm được lựa chọn thí điểm.</strong></p>\r\n\r\n<p style=\"text-align:center\"><img alt=\"\" src=\"/ckfinder/userfiles/files/nh/moi/new/images-tin-hoat-dong-2014-Dao_tao_truc_tiep-stretch-450x337.JPG\" style=\"height:337px; width:450px\" /></p>\r\n\r\n<p>&nbsp;</p>\r\n\r\n<p><em>Bồi dưỡng CNTT cho cán bộ, công chức xã theo phương thức tập trung &ndash; trực tiếp.</em></p>\r\n\r\n<p>Theo phương án dự kiến của Sở Nội vụ, phương án kết hợp giữa đào tạo từ xa và trực tiếp sẽ được áp dụng thí điểm cho 4 chức danh công chức xã: Văn phòng &ndash; Thống kê; Địa chính &ndash; Nông nghiệp &ndash; Xây dựng và Môi trường; Văn hóa &ndash; Xã hội và Tư pháp &ndash; Hộ tịch. 13 xã thuộc huyện Cam Lâm sẽ được chọn thí điểm. Đây là địa bàn có trình độ tin học của công chức xã tương đối đồng đều với hơn 90% công chức xã có trình độ Tin học A trở lên.&nbsp;</p>\r\n\r\n<p>So với đào tạo theo phương thức truyền thống (tập trung &ndash; trực tiếp) phương thức kết hợp giảng dạy từ xa và trực tiếp sẽ giúp công chức xã giảm thời gian học tập trung (giảm được 50%-60% thời lượng học tập trung), hạn chế gián đoạn trong công tác&hellip; Ngoài ra, phương án cũng giúp giảm được hơn 44% kinh phí đào tạo, chưa kể tiết kiệm được chi phí phát sinh khi tham gia bồi dưỡng, tập huấn của học viên và chi phí của địa phương cử cán bộ, công chức đi học.</p>\r\n\r\n<p>Tại hội thảo, các đại biểu tập trung thảo luận các vấn đề: đối tượng thí điểm; xây dựng nội dung giảng dạy từ xa; giám sát và quản lý học viên; chất lượng đào tạo và hiệu quả của đề án.</p>\r\n\r\n<p>Sở Nội vụ đánh giá cao và tiếp thu ý kiến của các đại biểu đóng góp cho chương trình thí điểm. Việc xây dựng thành công chương trình thí điểm tại huyện Cam Lâm là cơ sở để phát triển, nhân rộng chương trình cho các địa phương khác trong tỉnh cũng như áp dụng cho các chương trình bồi dưỡng khác dành cho CBCC xã.</p>\r\n', '2017-05-18 14:08:31', 10, 1, 'Hội thảo lấy ý kiến thí điểm việc kết hợp phương thức từ xa và trực tiếp trong bồi dưỡng công nghệ thông tin cho cán bộ, công chức xã', 1, 0, 0, 0),
(113, 'images-tin-hoat-dong-2014-1_-_Cac_hoc_vien_tham_du_lop_boi_duong_CNTT-stretch-450x339.JPG', 'Trung tâm Công nghệ thông tin và Truyền thông: Phối hợp tổ chức lớp bồi dưỡng công nghệ thông tin cho cán bộ, công chức xã tập trung đầu tư nông thôn mới năm 2014', 'Sáng 22-9-2014, tại Trung tâm Công nghệ thông tin và Truyền thông tỉnh Khánh Hòa, Sở Nội vụ tỉnh Khánh Hòa phối hợp với Trung tâm tổ chức khai giảng...', '<p>Sáng 22-9-2014, tại Trung tâm Công nghệ thông tin và Truyền thông tỉnh Khánh Hòa, Sở Nội vụ tỉnh Khánh Hòa phối hợp với Trung tâm tổ chức khai giảng các lớp bồi dưỡng công nghệ thông tin cho cán bộ, công chức xã tập trung đầu tư nông thôn mới năm 2014. Theo Sở Nội vụ Khánh Hòa, năm 2014, toàn tỉnh phấn đấu có 10 xã đạt chuẩn nông thôn mới. Tuy nhiên, hiện nay, các xã đang gặp khó khăn trong việc hoàn thành tiêu chí hệ thống chính trị cơ sở vững mạnh do cán bộ, công chức xã chưa đạt chuẩn về tin học.</p>\r\n\r\n<p style=\"text-align:center\"><br />\r\n<img alt=\"\" src=\"/ckfinder/userfiles/files/nh/images-tin-hoat-dong-2014-1_-_Cac_hoc_vien_tham_du_lop_boi_duong_CNTT-stretch-450x339.JPG\" style=\"height:339px; width:450px\" />​​​​​​</p>\r\n\r\n<p style=\"text-align:center\"><em>Cán bộ, công chức xã tập trung đầu tư nông thôn mới tại lớp bồi dưỡng công nghệ thông tin.</em></p>\r\n\r\n<p>Khóa học được chia thành 4 lớp (mỗi lớp 30 học viên). Tham gia khóa học các học viên sẽ được bồi dưỡng các kiến thức về tin học văn phòng; đảm bảo an toàn, an ninh thông tin; mạng Internet và khai thác thông tin trên mạng Internet. Học viên được giảng dạy bởi các giảng viên và trợ giảng giàu kinh nghiệm của Trung tâm và được cấp Giấy chứng nhận hoàn thành khóa học. Ngoài ra, các học viên có nhu cầu thi lấy Chứng chỉ A Tin học sẽ được tạo điều kiện ôn tập và thi lấy chứng chỉ.</p>\r\n\r\n<p style=\"text-align:center\"><img alt=\"\" src=\"/ckfinder/userfiles/files/nh/images-tin-hoat-dong-2014-2_-_GV_TT_huong_dan-stretch-450x338.JPG\" style=\"height:338px; width:450px\" /></p>\r\n\r\n<p style=\"text-align:center\"><em>Giảng viên Trung tâm Công nghệ thông tin và Truyền thông tỉnh Khánh Hòa hướng dẫn thực hành cho các học viên tham dự.</em></p>\r\n\r\n<p>Mục tiêu của khóa học không chỉ giúp cán bộ, công chức xã đạt chuẩn trình độ tin học mà quan trọng hơn là giúp cán bộ, công chức xã có kiến thức tin học và áp dụng hiệu quả vào thực tế công việc.</p>\r\n', '2017-05-18 14:14:56', 9, 1, 'Trung tâm Công nghệ thông tin và Truyền thông: Phối hợp tổ chức lớp bồi dưỡng công nghệ thông tin cho cán bộ, công chức xã tập trung đầu tư nông thôn mới năm 2014', 1, 0, 0, 0),
(114, 'images-tin-hoat-dong-2014-1-cap_giay_chung_nhan-stretch-440x350.JPG', 'Bế giảng Khóa bồi dưỡng công nghệ thông tin cho cán bộ, công chức xã trên địa bàn huyện Khánh Vĩnh năm 2014', 'Vừa qua, tại Trung tâm Dạy nghề huyện Khánh Vĩnh, Sở Nội vụ phối hợp với UBND huyện Khánh Vĩnh và Trung tâm CNTT và Truyền thông - Sở Thông tin và Truyền thông ...', '<p><strong>Vừa qua, tại Trung tâm Dạy nghề huyện Khánh Vĩnh, Sở Nội vụ phối hợp với UBND huyện Khánh Vĩnh và Trung tâm CNTT và Truyền thông - Sở Thông tin và Truyền thông tổ chức lễ bế giảng Khóa bồi dưỡng công nghệ thông tin cho cán bộ, công chức xã trên địa bàn huyện Khánh Vĩnh năm 2014.</strong></p>\r\n\r\n<p style=\"text-align:center\"><strong><img alt=\"\" src=\"/ckfinder/userfiles/files/nh/images-tin-hoat-dong-2014-1-cap_giay_chung_nhan-stretch-440x350.JPG\" style=\"height:350px; width:440px\" />​​​​​​</strong></p>\r\n\r\n<p style=\"text-align:center\"><em>Trao giấy chứng nhận cho các học viên hoàn thành khóa bồi dưỡng</em></p>\r\n\r\n<p style=\"text-align:center\"><img alt=\"\" src=\"/ckfinder/userfiles/files/nh/images-tin-hoat-dong-2014-2-lanh_dao_huyen_phat_bieu-stretch-440x350.JPG\" style=\"height:350px; width:440px\" /></p>\r\n\r\n<p style=\"text-align:center\"><em>Ông Lê Văn Hoa - Phó Chủ tịch UBND huyện Khánh Vĩnh phát biểu bế giảng khóa bồi dưỡng</em></p>\r\n\r\n<p>Được biết, khóa học bồi dưỡng công nghệ thông tin cho cán bộ, công chức xã trên địa bàn huyện Khánh Vĩnh nằm trong Kế hoạch bồi dưỡng cán bộ, công chức xã trên địa bàn tỉnh Khánh Hòa giai đoạn 2012 - 2015 theo Quyết định số 1956/QĐ-TTg ngày 27-11-2009 của Thủ tướng Chính phủ. Bên cạnh đó, việc bồi dưỡng công nghệ thông tin cho cán bộ, công chức cấp xã là điều kiện để hoàn thành tiêu chí thứ 18 &ldquo;Hệ thống tổ chức chính trị xã hội vững mạnh&rdquo; trong 19 tiêu chí thuộc Bộ tiêu chí Quốc gia về nông thôn mới.</p>\r\n', '2017-05-18 14:18:35', 9, 1, 'Bế giảng Khóa bồi dưỡng công nghệ thông tin cho cán bộ, công chức xã trên địa bàn huyện Khánh Vĩnh năm 2014', 1, 0, 0, 0),
(115, 'images-tin-hoat-dong-Trao_QD_ket_nap_dang-stretch-400x296.JPG', 'Sở Thông tin và Truyền thông Khánh Hòa: Kết nạp đảng viên mới', 'Ngày 3-2-2015, tại Hội trường Sở Thông tin và Truyền thông Khánh Hòa, Chi bộ Sở Thông tin và Truyền thông Khánh Hòa đã tổ chức lễ kết nạp đảng...', '<p><strong>Ngày 3-2-2015, tại Hội trường Sở Thông tin và Truyền thông Khánh Hòa, Chi bộ Sở Thông tin và Truyền thông Khánh Hòa đã tổ chức lễ kết nạp đảng&nbsp;viên đối với quần chúng ưu tú Nguyễn Thị Chiêm.</strong></p>\r\n\r\n<p style=\"text-align:center\"><strong><img alt=\"\" src=\"/ckfinder/userfiles/files/nh/images-tin-hoat-dong-Trao_QD_ket_nap_dang-stretch-400x296.JPG\" style=\"height:296px; width:400px\" /></strong></p>\r\n\r\n<p style=\"text-align:center\"><em>Đ/c Phạm Duy Lộc, Phó Bí thư Chi bộ Sở TT&amp;TT trao quyết định và tặng hoa chúc mừng đảng viên mới.</em></p>\r\n\r\n<p style=\"text-align:center\">Dự Lễ kết nạp có đồng chí Phạm Duy Lộc - Phó Bí thư chi bộ, Phó Giám đốc Sở Thông tin và Truyền thông và toàn bộ đảng viên, quần chúng ưu tú của chi bộ.</p>\r\n\r\n<p>Đồng chí Nguyễn Thị Chiêm qua nhiều năm công tác tại Trung tâm Công nghệ thông tin và Truyền thông Khánh Hòa (Sở Thông tin và Truyền thông) luôn tự giác phấn đấu, rèn luyện đạt nhiều thành tích trong công tác, được các đồng nghiệp yêu mến, quý trọng.</p>\r\n\r\n<p>Thay mặt Chi bộ Sở Thông tin và Truyền thông, đồng chí Phạm Duy Lộc &ndash; Phó Bí thư Chi bộ đã trao Quyết định cho đảng viên mới, đồng thời nêu rõ nhịêm vụ, quyền hạn của người đảng viên, tiếp tục phấn đấu, tu dưỡng, rèn luyện đạo đức, năng lực chuyên môn, hoàn thành tốt nhiệm vụ đựơc giao, phân công đảng viên chính thức tiếp tục kèm cặp, giúp đỡ đảng viên dự bị để trở thành đảng viên chính thức.</p>\r\n\r\n<p>&nbsp;</p>\r\n', '2017-05-18 14:20:35', 9, 1, 'Sở Thông tin và Truyền thông Khánh Hòa: Kết nạp đảng viên mới', 1, 0, 0, 0),
(116, 'images-tin-hoat-dong-2015-lam viec tai Da Nang-stretch-400x265.JPG', 'Trung tâm Công nghệ thông tin và Truyền thông Khánh Hòa: Học tập kinh nghiệm hoạt động CNTT và truyền thông tại Đà Nẵng, Thừa Thiên Huế', 'Vừa qua, Trung tâm CNTT và Truyền thông tỉnh Khánh Hòa đã tổ chức đoàn công tác trao đổi, học tập kinh nghiệm với Trung tâm CNTT...', '<p><strong>Vừa qua, Trung tâm CNTT và Truyền thông tỉnh Khánh Hòa đã tổ chức đoàn công tác trao đổi, học tập kinh nghiệm với Trung tâm CNTT và Truyền thông TP. Đà Nẵng và Trung tâm CNTT và Truyền thông tỉnh Thừa Thiên Huế.</strong></p>\r\n\r\n<p style=\"text-align:center\"><strong><img alt=\"\" src=\"/ckfinder/userfiles/files/nh/images-tin-hoat-dong-2015-lam%20viec%20tai%20Da%20Nang-stretch-400x265.JPG\" style=\"height:265px; width:400px\" /></strong></p>\r\n\r\n<p style=\"text-align:center\"><em>Đoàn công tác Trung tâm CNTT và Truyền thông tỉnh Khánh Hòa làm việc tại Trung tâm CNTT và Truyền thông TP. Đà Nẵng</em></p>\r\n\r\n<p>Tại các buổi làm việc, lãnh đạo các Trung tâm đã giới thiệu hoạt động thực tế tại các đơn vị, nhất là trong lĩnh vực đào tạo, cung cấp sản phẩm dịch vụ CNTT và truyền thông. Các Trung tâm cũng đã trao đổi, thảo luận, đánh giá những thuận lợi, khó khăn trong việc xây dựng và triển khai các hoạt động CNTT tại địa phương.</p>\r\n\r\n<p style=\"text-align:center\"><img alt=\"\" src=\"/ckfinder/userfiles/files/nh/images-tin-hoat-dong-2015-lam%20viec%20tai%20Hue-stretch-400x225.JPG\" style=\"height:225px; width:400px\" /></p>\r\n\r\n<p style=\"text-align:center\"><em>Đoàn công tác Trung tâm CNTT và Truyền thông tỉnh Khánh Hòa làm việc tại Trung tâm CNTT và Truyền thông tỉnh Thừa Thiên Huế</em></p>\r\n\r\n<p>Kết thúc chuyến công tác, bước đầu đoàn công tác đã thu được một số kết quả và thỏa thuận giữa Trung tâm CNTT và Truyền thông Khánh Hòa và 2 đơn vị bạn là sẽ tiếp tục trao đổi kinh nghiệm trong công tác để nâng cao chất lượng hiệu quả hoạt động chuyên môn, cũng như đề xuất kế hoạch hợp tác trong thời gian tới.</p>\r\n', '2017-05-18 14:22:54', 9, 1, 'Trung tâm Công nghệ thông tin và Truyền thông Khánh Hòa: Học tập kinh nghiệm hoạt động CNTT và truyền thông tại Đà Nẵng, Thừa Thiên Huế', 1, 1, 0, 0),
(117, 'images-tin-hoat-dong-2015-1-BCH_Chi_bo_khoa_III-stretch-400x264.JPG', 'Đại hội Chi bộ Sở Thông tin và Truyền thông Khánh Hòa lần thứ III, nhiệm kỳ 2015-2020', 'Ngày 20-5-2015, Chi bộ Sở Thông tin và Truyền thông Khánh Hòa tổ chức Đại hội lần thứ III, nhiệm kỳ 2015 - 2020.', '<p><strong>&nbsp; &nbsp; &nbsp; Ngày 20-5-2015, Chi bộ Sở Thông tin và Truyền thông Khánh Hòa tổ chức Đại hội lần thứ III, nhiệm kỳ 2015 - 2020.</strong></p>\r\n\r\n<p>&nbsp; &nbsp; &nbsp;Trong nhiệm kỳ qua, Chi bộ Sở Thông tin và Truyền thông đã phát huy tinh thần đoàn kết, nỗ lực phấn đấu, xây dựng Chi bộ, cơ quan, đoàn thể trong sạch vững mạnh, thực hiện đầy đủ các mặt công tác xây dựng Đảng, thực hiện tốt các mục tiêu, nhiệm vụ Nghị quyết Đại hội lần thứ II đề ra: trên 90% đảng viên hoàn thành tốt nhiệm vụ hàng năm; phát triển 8/8 đảng viên, đạt 100% chỉ tiêu; 100% cán bộ, đảng viên, quần chúng tham gia học tập các Nghị quyết Trung ương; Chi bộ nhiều năm được công nhận là đơn vị trong sạch vững mạnh, nhiều lượt tập thể và cá nhân được khen thưởng.</p>\r\n\r\n<p>Tại Đại hội, các đại biểu đã tập trung thảo luận đóng góp ý kiến vào dự thảo các văn kiện Đại hội cấp trên; làm rõ những kết quả đạt được và những mặt còn hạn chế, đề ra mục tiêu, phương hướng, nhiệm vụ nhiệm kỳ tới. Theo đó, nhiệm kỳ 2015 - 2020, Chi bộ Sở Thông tin và Truyền thông đề ra mục tiêu:&nbsp;tổ chức học tập đầy đủ, kịp thời, nghiêm túc các nghị quyết của Trung ương và Đảng ủy cấp trên; tổ chức thực hiện có chất lượng và hoàn thành tốt các nhiệm vụ chính trị của cơ quan, các chỉ tiêu kế hoạch liên quan đến thông tin và truyền thông; thực hiện tốt &ldquo;Đề án nâng cao chất lượng sinh hoạt chi bộ&rdquo; của Đảng ủy Khối; phấn đấu hàng năm có trên 85% đảng viên hoàn thành tốt nhiệm vụ; Chi bộ đạt trong sạch vững mạnh trong suốt hiệm kỳ; kết nạp ít nhất 7 đảng viên; 100% các tổ chức đoàn thể trong cơ quan đạt vững mạnh xuất sắc... Trong lãnh đạo thực hiện nhiệm vụ chính trị, sẽ đẩy mạnh công tác tham mưu xây dựng văn bản quy phạm pháp luật, các chương trình, kế hoạch; tăng cường công tác quản lý thông tin, báo chí trên địa bàn tỉnh, đẩy mạnh các hoạt động thông tin đối ngoại để quảng bá hình ảnh Nha Trang - Khánh Hòa; tiếp tục phát triển hạ tầng công nghệ thông tin và truyền thông đảm bảo cho việc triển khai Chính phủ điện tử tại địa phương; triển khai áp dụng các ứng dụng công nghệ thông tin và truyền thông phục vụ cải cách hành chính, nâng cao chỉ số PCI của tỉnh; lãnh đạo xây dựng tổ chức bộ máy, quy hoạch, đào tạo, sử dụng, luân chuyển đội ngũ cán bộ, đảng viên, công chức, viên chức nhằm nâng cao bản lĩnh chính trị, năng lực chuyên môn, nghiệp vụ và năng lực hoạt động thực tiễn...</p>\r\n\r\n<p>Đại hội bầu Ban Chấp hành Chi bộ khóa III, nhiệm kỳ &nbsp;2015-2020 gồm 4 đồng chí; bầu đồng chí Phạm Duy Lộc giữ chức Bí thư Chi bộ; bầu đồng chí Nguyễn Tấn Trung giữ chức Phó Bí thư Chi bộ. Đại hội cũng bầu đoàn đại biểu dự đại hội cấp trên gồm 2 đồng chí.</p>\r\n\r\n<p style=\"text-align:center\"><img alt=\"\" src=\"/ckfinder/userfiles/files/nh/images-tin-hoat-dong-2015-1-BCH_Chi_bo_khoa_III-stretch-400x264.JPG\" style=\"height:264px; width:400px\" /></p>\r\n\r\n<p style=\"text-align:center\"><em>Ban chấp hành Chi bộ Sở Thông tin và Truyền thông lần thứ III, nhiệm kỳ 2015 - 2020.</em></p>\r\n\r\n<p style=\"text-align:center\"><em><img alt=\"\" src=\"/ckfinder/userfiles/files/nh/images-tin-hoat-dong-2015-2-Tang_qua_va_hoa-stretch-400x259.jpg\" style=\"height:259px; width:400px\" /></em></p>\r\n\r\n<p style=\"text-align:center\"><em>Tặng quà và hoa cho các đồng chí thôi không tham gia Ban chấp hành khóa mới.</em></p>\r\n', '2017-05-18 14:28:01', 9, 1, 'Đại hội Chi bộ Sở Thông tin và Truyền thông Khánh Hòa lần thứ III, nhiệm kỳ 2015-2020', 1, 0, 0, 0),
(118, 'lich-khai-giang.jpg', 'Đào tạo nguồn nhân lực CNTT-TT', 'Tổ chức, liên kết đào tạo, bồi dưỡng kiến thức, kỹ năng về ứng dụng CNTT-TT, về quản lý và triển khai các chương trình,....', '<p>Tổ chức, liên kết đào tạo, bồi dưỡng kiến thức, kỹ năng về ứng dụng CNTT-TT, về quản lý và triển khai các chương trình, dự án CNTT-TT cho cán bộ, công chức, viên chức tỉnh Khánh Hòa.&nbsp;</p>\r\n\r\n<p><strong>Mọi thông tin vui lòng liên hệ:</strong></p>\r\n\r\n<p>TRUNG TÂM CÔNG NGHỆ THÔNG TIN VÀ TRUYỀN THÔNG KHÁNH HÒA</p>\r\n\r\n<p>Địa chỉ: 147 Thống Nhất, TP.&nbsp;Nha Trang</p>\r\n\r\n<p>Điện thoại: 058.3563028, 058.3820825</p>\r\n\r\n<p>Fax: 058.3816239</p>\r\n\r\n<p>Website: www.itkhanhhoa.vn</p>\r\n\r\n<p>Email:&nbsp;<a href=\"mailto:hoptac@itkhanhhoa.vn\">hoptac@itkhanhhoa.vn</a></p>\r\n', '2017-05-22 08:24:25', 4, 1, 'đào tạo', 1, 1, 0, 0),
(119, 'images-tin-hoat-dong-tthc-stretch-400x251.jpg', 'Đào tạo nguồn nhân lực CNTT-TT', 'Tổ chức, liên kết đào tạo, bồi dưỡng kiến thức, kỹ năng về ứng dụng CNTT-TT, về quản lý và triển khai các chương trình,...', '<p>Tổ chức, liên kết đào tạo, bồi dưỡng kiến thức, kỹ năng về ứng dụng CNTT-TT, về quản lý và triển khai các chương trình, dự án CNTT-TT cho cán bộ, công chức, viên chức tỉnh Khánh Hòa.&nbsp;</p>\r\n\r\n<p><strong>Mọi thông tin vui lòng liên hệ:</strong></p>\r\n\r\n<p>TRUNG TÂM CÔNG NGHỆ THÔNG TIN VÀ TRUYỀN THÔNG KHÁNH HÒA</p>\r\n\r\n<p>Địa chỉ: 147 Thống Nhất, TP.&nbsp;Nha Trang</p>\r\n\r\n<p>Điện thoại: 058.3563028, 058.3820825</p>\r\n\r\n<p>Fax: 058.3816239</p>\r\n\r\n<p>Website: www.itkhanhhoa.vn</p>\r\n\r\n<p>Email:&nbsp;<a href=\"mailto:hoptac@itkhanhhoa.vn\">hoptac@itkhanhhoa.vn</a></p>\r\n', '2017-05-22 08:27:31', 17, 1, 'đào tạo,giáo dục, học tập.', 1, 0, 0, 1),
(120, 'file-printer-sharing-1.jpg', 'Lịch khai giảng tin học văn phòng tháng 3-2017', 'Để chuẩn bị cho đợt thi công chức đầu năm 2017, Trung tâm tin học văn phòng tổ chức mở các lớp đào tạo và luyện ...', '<p>Để chuẩn bị cho đợt thi công chức đầu năm 2017, Trung tâm&nbsp;<a href=\"http://tinhocmos.edu.vn/ve-chung-toi-thi-mos/\" target=\"_blank\">tin học văn phòng</a>&nbsp;tổ chức mở các lớp đào tạo và luyện thi chứng chỉ tin học chuẩn quốc tế, chuẩn yêu cầu mới theo thông tư 03/2014/TT-BTTTT.</p>\r\n\r\n<p>Lịch học tháng 3:</p>\r\n\r\n<p><a href=\"http://tinhocmos.edu.vn/wp-content/uploads/2017/03/lich-hoc-thang-3-2017.jpg\"><img alt=\"\" src=\"http://tinhocmos.edu.vn/wp-content/uploads/2017/03/lich-hoc-thang-3-2017.jpg\" style=\"height:950px; width:1500px\" /></a></p>\r\n\r\n<p><strong>Ưu đãi:</strong><br />\r\n&ndash; Giảm 10% học phí với nhóm 3 người trở lên hoặc là học viên cũ của MOS.<br />\r\n&ndash; Giám 10% khi đăng ký combo 3 môn học : Word , Excel , Powerpoint.<br />\r\n&ndash; Giảm 5% lệ phí thi khi đăng ký với trung tâm tin học MOS.<br />\r\n&ndash; Tặng giáo trình MOS của IIG Việt Nam cho học viên .</p>\r\n\r\n<p><strong>Chúng tôi luôn luôn:</strong><br />\r\n&ndash; Cam kết đội ngũ giảng viên là CHUYÊN GIA top 10 VN.<br />\r\n&ndash; Cam kết lộ trình chuẩn 25-30h học/môn, thi thử 5 buổi/khóa.<br />\r\n&ndash; Đào tạo lại 100% nếu thi không đỗ.</p>\r\n', '2017-05-22 08:29:34', 17, 1, 'đào tạo,giáo dục, học tập.', 1, 0, 0, 0),
(121, '11.jpg', 'Sự khác biệt giữa Microsoft Office 2010 và 2013', 'Trong khi nhiều người còn chưa kịp tìm hiểu Office 2010 thì Office 2013 đã được đưa ra thị trường với nhiều cải tiến lớn...', '<h2>Trong khi nhiều người còn chưa kịp tìm hiểu Office 2010 thì Office 2013 đã được đưa ra thị trường với nhiều cải tiến lớn, nhằm cùng Windows 8 tạo ra một cuộc cách mạng.<a href=\"http://tinhocmos.edu.vn/ve-chung-toi-thi-mos/\">Trung tâm tin học văn phòng MOS</a>, trường Đại học Ngoại thương xin giới thiệu tới các bạn sự khác nhau giữa Microsoft Office 2010 và 2013</h2>\r\n\r\n<p><strong>1. Giao diện mới mang phong cách Modern UI</strong></p>\r\n\r\n<p>Với xu hướng Modern UI hóa mọi thứ trong Windows, nên&nbsp;<a href=\"http://tinhocmos.edu.vn/khung-dao-tao-tin-hoc-mos/\">Office 2013&nbsp;</a>cũng được Microsoft tân trang lại. Không còn là giao diện bóng bẩy, nhiều màu sắc như Office 2007 hay Office 2010, phiên bản 2013 được đơn giản hóa các nút, mọi thứ trở nên bằng phẳng hơn, gọn gàng hơn. Tất cả nhằm mục đích giúp bạn tập trung tối đa vào công việc mình đang làm.</p>\r\n\r\n<p><a href=\"http://tinhocmos.edu.vn/wp-content/uploads/2016/10/10.jpg\"><img alt=\"tin học văn phòng\" src=\"http://tinhocmos.edu.vn/wp-content/uploads/2016/10/10.jpg\" style=\"height:402px; width:580px\" title=\"Sự khác biệt giữa Microsoft Office 2010 và 2013\" /></a></p>\r\n\r\n<p><strong>2.Màn hình bắt đầu</strong></p>\r\n\r\n<p>Mỗi ứng dụng có một màu riêng biệt trên màn hình bắt đầu &ndash; màu xanh da trời cho Word, màu cam cho PowerPoint và màu xanh lá cho Excel hay màu tím cho OneNote.<br />\r\nKhi khởi động ứng dụng, bạn sẽ thấy bên trái là cột các tệp tin đã mở gần đây, bên phải là các mẫu tài liệu sẵn có, điều này đặc biệt hữu ích nếu bạn làm việc với PowerPoint, bạn sẽ không phải mất nhiều thời gian để có được một mẫu ưng ý.<br />\r\n<a href=\"http://tinhocmos.edu.vn/wp-content/uploads/2016/10/11.jpg\"><img alt=\"tinhocmos\" src=\"http://tinhocmos.edu.vn/wp-content/uploads/2016/10/11.jpg\" style=\"height:417px; width:580px\" title=\"Sự khác biệt giữa Microsoft Office 2010 và 2013\" /></a></p>\r\n\r\n<p><strong>3.Tích hợp Skydrive</strong></p>\r\n\r\n<p>Office 2013 được thiết kế để tích hợp với nền tảng điện toán đám mây qua SkyDrive và SharePoint. Bạn có thể dễ dàng lưu tài liệu vào SkyDrive và truy cập/chỉnh sửa từ bất cứ đâu.<br />\r\n<a href=\"http://tinhocmos.edu.vn/wp-content/uploads/2016/10/12.jpg\"><img alt=\"tin học văn phòng\" src=\"http://tinhocmos.edu.vn/wp-content/uploads/2016/10/12.jpg\" style=\"height:415px; width:580px\" title=\"Sự khác biệt giữa Microsoft Office 2010 và 2013\" /></a></p>\r\n\r\n<p><strong>4.Đồng bộ giữa các thiết bị</strong></p>\r\n\r\n<p>Khi lưu tài liệu trực tuyến qua SkyDrive hoặc SharePoint, bạn có thể truy cập nó mọi lúc, mọi nơi, trên nhiều thiết bị như máy tính bảng, điện thoại hoặc ứng dụng web.<br />\r\n<a href=\"http://tinhocmos.edu.vn/wp-content/uploads/2016/10/13.jpg\"><img alt=\"tin học văn phòng\" src=\"http://tinhocmos.edu.vn/wp-content/uploads/2016/10/13.jpg\" style=\"height:417px; width:580px\" title=\"Sự khác biệt giữa Microsoft Office 2010 và 2013\" /></a></p>\r\n\r\n<p><strong>5.Tương tích màn hình cảm ứng</strong></p>\r\n\r\n<p>Office 2013 có nhiều thành phần được thiết kế để tối ưu cho thao tác cảm ứng. Chẳng hạn chế độ đọc &ndash; Read mode &ndash; cho phép bạn quệt ngang tay để lật trang.<br />\r\nNếu kích hoạt chế độ cảm ứng &ndash; Touch Mode &ndash; các nút công cụ sẽ cách thưa ra để bạn dễ thao tác hơn.<br />\r\n<a href=\"http://tinhocmos.edu.vn/wp-content/uploads/2016/10/14.jpg\"><img alt=\"tin học văn phòng\" src=\"http://tinhocmos.edu.vn/wp-content/uploads/2016/10/14.jpg\" style=\"height:392px; width:580px\" title=\"Sự khác biệt giữa Microsoft Office 2010 và 2013\" /></a></p>\r\n\r\n<p><strong>6.Chỉnh sửa tệp tin PDF</strong></p>\r\n\r\n<p>Trong các phiên bản trước bạn đã có thể lưu văn bản soạn thảo từ Word ra định dạng PDF, nhưng đến Office 2013 bạn mới có thể chỉnh sửa trực tiếp một tệp tin PDF. Đây thực sự là một nâng cấp đáng kể vì hiện nay chưa nhiều phần mềm có khả năng chỉnh sửa PDF một cách dễ dàng.</p>\r\n\r\n<p><a href=\"http://tinhocmos.edu.vn/wp-content/uploads/2016/10/15.jpg\"><img alt=\"tin học văn phòng\" src=\"http://tinhocmos.edu.vn/wp-content/uploads/2016/10/15.jpg\" style=\"height:474px; width:580px\" title=\"Sự khác biệt giữa Microsoft Office 2010 và 2013\" /></a></p>\r\n\r\n<p><strong>7. Khung định dạng trong PowerPoint</strong></p>\r\n\r\n<p>Định dạng hình ảnh, hình vẽ và các đối tượng khác dễ dàng, trực quan&nbsp; hơn với khung định dạng.<br />\r\n<a href=\"http://tinhocmos.edu.vn/wp-content/uploads/2016/10/16.jpg\"><img alt=\"tin học văn phòng\" src=\"http://tinhocmos.edu.vn/wp-content/uploads/2016/10/16.jpg\" style=\"height:399px; width:580px\" title=\"Sự khác biệt giữa Microsoft Office 2010 và 2013\" /></a></p>\r\n\r\n<p><strong>8. Làm việc với biểu đồ dễ dàng</strong></p>\r\n\r\n<p>Đây là tin vui cho những ai thường xuyên làm việc với biểu đồ, đặc biệt là trong Excel. Khi người dùng chọn Insert &gt; Recommend Chart, Excel sẽ đưa ra những biểu đồ thích hợp nhất cho dữ liệu bạn đang quan tâm.<br />\r\n<a href=\"http://tinhocmos.edu.vn/wp-content/uploads/2016/10/17.jpg\"><img alt=\"tin học MOS\" src=\"http://tinhocmos.edu.vn/wp-content/uploads/2016/10/17.jpg\" style=\"height:402px; width:580px\" title=\"Sự khác biệt giữa Microsoft Office 2010 và 2013\" /></a></p>\r\n\r\n<p><strong>9.Thêm nhiều tùy chọn hình ảnh</strong></p>\r\n\r\n<p>Trong các phần mềm của bộ Office, bạn có thể chèn hình ảnh từ máy tính, từ thư viện Clipart trực tuyến, tìm kiềm hình ảnh qua Bing, hoặc chèn hình từ SkyDrive hay Flickr.<br />\r\n<a href=\"http://tinhocmos.edu.vn/wp-content/uploads/2016/10/18.jpg\"><img alt=\"tin học MOS\" src=\"http://tinhocmos.edu.vn/wp-content/uploads/2016/10/18.jpg\" style=\"height:416px; width:580px\" title=\"Sự khác biệt giữa Microsoft Office 2010 và 2013\" /></a></p>\r\n\r\n<p><strong>10. Đăng nhập tài khoản</strong></p>\r\n\r\n<p><strong><a href=\"http://tinhocmos.edu.vn/khoa-hoc-excel/\">Office 2013</a></strong>&nbsp;cho phép bạn đăng nhập bằng tài khoản Microsoft để dễ dàng truy cập, lưu trữ trên mây, hoặc chia sẻ tài liệu qua các dịch vụ liên kết với tài khoản như Facebook, Twitter,&hellip;</p>\r\n', '2017-05-22 08:31:00', 17, 1, 'đào tạo,giáo dục, học tập.', 1, 0, 0, 0),
(122, 'hang-tram-giao-vien-to-bi-lua-cap-chung-chi-tin-hoc-tieng-anh.jpg', 'Hàng trăm giáo viên “tố” bị lừa cấp chứng chỉ tin học, tiếng Anh', '“Báo CAND nhận được phản ánh hàng trăm giáo viên trên địa bàn Hà Nội và một số tỉnh lân cận Thủ đô...', '<h2><strong>&ldquo;Báo CAND nhận được phản ánh hàng trăm giáo viên trên địa bàn Hà Nội và một số tỉnh lân cận Thủ đô đã tụ tập trước cửa trụ sở của Công ty cổ phần Giáo dục đào tạo trực tuyến Slearning làm rõ những khuất tất trong việc tổ chức thi và cấp chứng chỉ tin học, tiếng Anh.&rdquo;</strong></h2>\r\n\r\n<p>Vào lúc 7h20 phút ngày 23/10/2016 ,&nbsp;báo Công An Nhân Dân có đưa tin về vụ việc&nbsp;Công ty cổ phần Giáo dục đào tạo trực tuyến SLearning lừa đảo hàng trăm giáo viên, sinh viên muốn thi cấp chứng chỉ tin học văn phòng đạt chuẩn kỹ năng công nghệ thông tin theo thông tư &nbsp;03/2014/TT-BTTTT.</p>\r\n\r\n<p>Trích nguyên văn :<br />\r\n&ldquo;<em>Ngày 22-10, đường dây nóng Báo CAND nhận được phản ánh hàng trăm giáo viên trên địa bàn Hà Nội và một số tỉnh lân cận Thủ đô đã tụ tập trước cửa trụ sở của Công ty cổ phần Giáo dục đào tạo trực tuyến Slearning (Công ty Slearning), số 19 Nguyễn Thị Định, phường Trung Hòa, quận Cầu Giấy, Hà Nội để yêu cầu Công ty làm rõ những khuất tất trong việc tổ chức thi và cấp chứng chỉ tin học, tiếng Anh.</em></p>\r\n\r\n<p><em>Chiều 22-10, có mặt tại khu vực trụ sở Công an phường Trung Hòa, quận Cầu Giấy, Hà Nội, phóng viên Báo CAND đã chứng kiến và ghi lại&nbsp; bức xúc của rất nhiều giáo viên.</em></p>\r\n\r\n<p><em>Họ là các giáo viên chuẩn bị thi công chức, có người đã tốt nghiệp các trường sư phạm nhưng chưa được đi làm, nhưng cũng có nhiều giáo viên là công chức, đã giảng dạy lâu năm trong trường học.</em></p>\r\n\r\n<p>&nbsp;</p>\r\n\r\n<p><em><a href=\"http://tinhocmos.edu.vn/wp-content/uploads/2016/10/hang-tram-giao-vien-to-bi-lua-cap-chung-chi-tin-hoc-tieng-anh.jpg\"><img alt=\"hang-tram-giao-vien-to-bi-lua-cap-chung-chi-tin-hoc-tieng-anh\" src=\"http://tinhocmos.edu.vn/wp-content/uploads/2016/10/hang-tram-giao-vien-to-bi-lua-cap-chung-chi-tin-hoc-tieng-anh.jpg\" style=\"height:495px; width:660px\" title=\"Hàng trăm giáo viên “tố” bị lừa cấp chứng chỉ tin học, tiếng Anh\" /></a></em></p>\r\n\r\n<p>&nbsp;</p>\r\n\r\n<p><em>Họ đến từ nhiều nơi khác nhau, từ ngoại thành Hà Nội cho đến các tỉnh lân cận như Vĩnh Phúc, Bắc Ninh và đều có một điểm chung là cần chứng chỉ ngoại ngữ và tin học để đủ điều kiện thi công chức hoặc nâng ngạch lương theo quy định</em>.&rdquo;<br />\r\nKhi nhu cầu thi tuyển công chức và nâng ngạch lương càng ngày càng cao thì việc chuẩn bị cho mình những chứng chỉ, bằng cấp cần thiết và phù hợp với yêu cầu là điều tất yếu. Lợi dụng việc thiếu nguồn thông tin chính xác, một số đơn vị đào tạo mọc lên để triển khai dạy và học cũng như cấp chứng chỉ cho các học viên. Tuy nhiên, các bạn cần tìm hiểu rõ yêu cầu của đơn vị tuyển dụng từ đó lựa chọn cho mình những khóa học và thi chứng chỉ phù hợp.&nbsp;Hiện nay, DUY NHẤT&nbsp;<strong><a href=\"http://tinhocmos.edu.vn/ve-chung-toi-thi-mos/\">Trung tâm tin học văn phòng MOS</a></strong>&nbsp;của Viện Kinh Tế và Thương Mại Quốc Tế,&nbsp;là đơn vị độc quyền trong trường Đại học Ngoại thương ký kết hợp tác với IIG Việt Nam và GMetrix Solution tổ chức đào tạo&nbsp;và thi lấy chứng chỉ quốc tế, đạt tiêu chuẩn 15 module theo yêu cầu mới về chuẩn CNTT. (Xem chi tiết về quy định chứng chỉ tin học theo chuẩn mới&nbsp;<strong><a href=\"http://tinhocmos.edu.vn/chung-chi-tin-hoc-a-b-c-duoc-cap-sau-ngay-10-08-2016-se-khong-con-gia-tri/\" target=\"_blank\">tại đây</a></strong></p>\r\n\r\n<p>Xem thêm thông tin chi tiết&nbsp;<strong><a href=\"http://tinhocmos.edu.vn/khoa-hoc-tin-hoc-ic3-gs4\" target=\"_blank\">Khóa học IC3 GS4</a></strong>&nbsp;khai giảng vào ngày 02/11/2016 tại:&nbsp;<a href=\"http://tinhocmos.edu.vn/khoa-hoc-tin-hoc-ic3-gs4\">http://tinhocmos.edu.vn/khoa-hoc-tin-hoc-ic3-gs4</a></p>\r\n\r\n<p>Thông tin chi tiết các khóa&nbsp;<a href=\"http://tinhocmos.edu.vn/dang-ky-hoc-tin-hoc-mos/\" target=\"_blank\">học tin học văn phòng</a>&nbsp;tại:&nbsp;<a href=\"http://tinhocmos.edu.vn/dang-ky-hoc-tin-hoc-mos/\" target=\"_blank\">http://tinhocmos.edu.vn/dang-ky-hoc-tin-hoc-mos/</a><br />\r\nNguồn Báo CAND:<br />\r\nhttp://cand.com.vn/dieu-tra-theo-don-ban-doc/Hang-tram-giao-vien-to-bi-lua-cap-chung-chi-tin-hoc-tieng-Anh-413720/<br />\r\nHoặc xem hình ảnh :</p>\r\n', '2017-05-22 08:32:24', 17, 1, 'đào tạo,giáo dục, học tập.', 1, 0, 0, 0),
(123, 'Capture.PNG', 'Thi thử IC3 miễn phí- Đề thi sát với thi thật', 'Nhằm tạo điều kiện cho các bạn muốn kiểm tra trình độ tin học văn phòng của mình, Trung tâm tin học văn phòng MOS, Viện Kinh ', '<p>Đến với buổi thi thử này bạn sẽ được thực hành hệ thống đề thi sát nhất&nbsp; so với thi thật cho bài thi 50 phút/module trên&nbsp;<strong>hệ thống chuẩn quốc tế Gmetrix</strong>.</p>\r\n\r\n<p>Chương trình thi thử diễn ra vào 14h00 thứ 7 ngày 08/10/2016 (Những bạn đăng ký sớm sẽ được ưu tiên).</p>\r\n\r\n<p><strong>Các môn&nbsp;<a href=\"http://tinhocmos.edu.vn/thi-thu-ic3-gs4-online/\">thi chứng chỉ IC3</a>&nbsp;bao gồm:</strong></p>\r\n\r\n<ul>\r\n	<li><strong>Module 1</strong>&nbsp;Máy tính căn bản (Computing Fundamentals): Gồm các nội dung cơ bản về phần cứng, phần mềm, hệ điều hành và cách xử lý những sự cố thường gặp.</li>\r\n	<li><strong>Module 2</strong>&nbsp;Các ứng dụng chính (Key Applications): Gồm các kiến thức cơ bản về sử dụng các phần mầm ứng dụng trong bộ phần mềm Microsoft Office: Word, Excel, PowerPoint, Access.</li>\r\n	<li><strong>Module 3</strong>&nbsp;Cuộc sống trực tuyến (Living Online): Gồm các khái niệm cơ bản về mạng máy tính, cách sử dụng và tím kiếm thông tin trên mạng, các phần mềm duyệt web, thư điện tử, mạng xã hội và các quy tắc sử dụng máy tính an toàn.</li>\r\n</ul>\r\n\r\n<p><strong>Ưu đãi cho</strong><strong>&nbsp;cá nhân thi thử</strong><strong>:</strong></p>\r\n\r\n<ul>\r\n	<li>Được tư vấn về lộ trình học IC3 trong 04 tuần.</li>\r\n</ul>\r\n\r\n<p>Hotline: Ms. Hiểu&nbsp;(0914.444.343);</p>\r\n\r\n<p><strong>Đăng ký ngay tại link dưới đây để trở thành 100 bạn đầu tiên có cơ hội trải nghiệm kỳ thi tại&nbsp;</strong><a href=\"http://tinhocmos.edu.vn/\"><strong>Tinhocmos.edu.vn</strong></a></p>\r\n', '2017-05-22 08:34:58', 17, 1, 'đào tạo,giáo dục, học tập.', 1, 0, 0, 0),
(124, 'images.jpg', 'Thiết kế website', 'Trung tâm Công nghệ thông tin và Truyền thông (trước đây là Trung tâm Tin học & Tích hợp cơ sở dữ liệu) là đơn vị sự nghiệp t', '<p>Trước hết, Trung tâm Công nghệ thông tin và Truyền thông Khánh Hòa xin gửi đến Quý khách hàng lời chào trân trọng.</p>\r\n\r\n<p>Trung tâm Công nghệ thông tin và Truyền thông (trước đây là Trung tâm Tin học &amp; Tích hợp cơ sở dữ liệu) là đơn vị sự nghiệp thuộc Sở Thông tin &amp; Truyền thông Khánh Hòa, được thành lập năm 2002 với nhiệm vụ quản lý, vận hành hệ thống mạng diện rộng của tỉnh và có hơn 10 năm kinh nghiệm tham gia cung cấp dịch vụ đào tạo, tư vấn, triển khai các dự án ứng dụng CNTT vào hoạt động quản lý nhà nước trên địa bàn tỉnh Khánh Hòa. Trung tâm trân trọng giới thiệu đến Quý khách hàng các dịch vụ hiện đang cung cấp như sau:</p>\r\n\r\n<p><strong>THIẾT KẾ WEBSITE VÀ PHÁT TRIỂN PHẦN MỀM</strong></p>\r\n\r\n<p>Giúp Quý khách hàng sở hữu một website đạt hiệu quả với kinh phí thấp nhất từ việc tư vấn chuẩn bị đầu tư và cả việc duy trì website một cách hiệu quả theo thời gian.</p>\r\n\r\n<ul>\r\n	<li>Thiết kế website theo yêu cầu của các cơ quan đơn vị.</li>\r\n	<li>Nâng cấp website, cập nhật, biên tập và bảo trì các website của các cơ quan đơn vị có nhu cầu.</li>\r\n	<li>Xây dựng và phát triển các phần mềm quản lý theo yêu cầu của quý khách hàng.</li>\r\n	<li>Các đối tác: Văn phòng UBND tỉnh Khánh Hoà, Hội đồng nhân dân tỉnh Khánh Hòa, Chi cục Văn thư - Lưu trữ, Ban Quản lý khu kinh tế Vân Phong, website thương mại điện tử cho các doanh nghiệp, Chương trình họp qua mạng tại Thanh tra tỉnh&hellip;</li>\r\n</ul>\r\n\r\n<p><strong>TƯ VẤN, GIÁM SÁT, TRIỂN KHAI CÁC ỨNG DỤNG CNTT</strong></p>\r\n\r\n<p>Với đội ngũ kỹ sư nhiều kinh nghiệm đã được đào tạo các chứng chỉ về đấu thầu, quản lý dự án CNTT sẽ tư vấn và lập dự án cho các cơ quan đơn vị một cách chuyên nghiệp và hiệu quả nhất:</p>\r\n\r\n<ul>\r\n	<li>Tư vấn thiết kế nâng cấp hoặc xây dựng mới các hệ thống kết nối mạng LAN, WAN.</li>\r\n	<li>Tư vấn lập dự án tổng thể ứng dụng CNTT vào phục công tác điều hành và quản lý ngành của cơ quan đơn vị.</li>\r\n	<li>Triển khai các ứng dụng CNTT vào hoạt động quản lý nhà nước của các cơ quan đơn vị như: Phần mềm một cửa điện tử cấp sở/huyện, phần mềm quản lý công văn đi - đến, phần mềm văn phòng điện tử, phần mềm kế toán hành chính sự nghiệp, phần mềm diệt virus có bản quyền&hellip;</li>\r\n	<li>Giám sát thi công các dự án CNTT cho các cơ quan đơn vị có nhu cầu.</li>\r\n	<li>Các đối tác: Sở Nông nghiệp và Phát triển nông thôn, Sở Tài nguyên Môi trường, Thanh Tra tỉnh&hellip;</li>\r\n	<li>&nbsp;</li>\r\n</ul>\r\n\r\n<p><strong>CHO THUÊ PHÒNG MÁY PHỤC VỤ HỘI THẢO</strong></p>\r\n\r\n<ul>\r\n	<li>Cung cấp dịch vụ cho thuê phòng máy tính, phòng hội nghị, hội thảo chuyên đề ứng dụng CNTT với cơ sở vật chất rộng rãi thoáng mát được trang bị máy điều hòa, máy tính cấu hình cao nối mạng internet tốc độ cao, máy chiếu.</li>\r\n	<li>Các đối tác: Công ty cổ phần Misa, Công ty InetSolution, Công ty Bkis, Công ty FPT, Trường Trung cấp nghề Nha Trang, Công ty Khai trí, Sở Tài nguyên và Môi trường, Sở Giáo dục và Đào tạo&hellip;</li>\r\n</ul>\r\n\r\n<p><strong>SỬA CHỮA - BẢO TRÌ - BẢO DƯỠNG MÁY TÍNH, HỆ THỐNG MẠNG</strong></p>\r\n\r\n<ul>\r\n	<li>Bảo trì - bảo dưỡng hệ thống máy tính (máy trạm, máy chủ, mạng), sửa chữa các sự cố hệ thống mạng để đảm bảo sự hoạt động ổn định của các thiết bị máy tính và mạng tại chỗ của đơn vị một cách nhanh nhất.</li>\r\n	<li>Các đối tác: Văn phòng UBND tỉnh Khánh Hòa, Sở LĐTB-XH, BQL khu kinh tế Vân Phong&hellip;</li>\r\n</ul>\r\n\r\n<p>Rất mong được sự hợp tác từ các bạn. Trân trọng./.</p>\r\n\r\n<p><em><strong>Mọi thông tin chi tiết về dịch vụ xin vui lòng liên hệ:</strong></em></p>\r\n\r\n<p>Trung tâm Công nghệ thông tin và Truyền thông</p>\r\n\r\n<p>&ndash; Địa chỉ: 147 Thống Nhất, Nha Trang, Khánh Hòa</p>\r\n\r\n<p>&ndash; ĐT: 058.3820825 &ndash; 058.3563028</p>\r\n\r\n<p>&ndash; Email:&nbsp;<a href=\"mailto:hoptac@itkhanhhoa.vn\">hoptac@itkhanhhoa.vn</a></p>\r\n', '2017-05-22 08:35:59', 3, 1, 'dịch vụ, web', 1, 0, 0, 0),
(125, 'web-development_website.png', 'Quản trị hệ thống mạng', 'Hệ thống, trang thiết bị CNTT đóng vai trò hết sức quan trọng trong hoạt động của các cơ quan quản lý nhà nước, tổ chức, Do', '<p>Hệ thống, trang thiết bị CNTT đóng vai trò hết sức quan trọng trong hoạt động của các cơ quan quản lý nhà nước, tổ chức, Doanh nghiệp, nhằm phục công tác chỉ đạo, điều hành cũng như phục vụ người dân và doanh nghiệp đạt hiệu quả cao, tiết kiệm được thời gian, tiền bạc; góp phần xây dựng Chính phủ điện tử, cải cách nền hành chính công.</p>\r\n\r\n<p>Nếu hệ thống bị trục trặc sẽ ảnh hưởng rất lớn đến công việc; vì vậy việc bảo trì, bảo dưỡng hệ thống cần phải được đặc biệt quan tâm, thực hiện thường xuyên.</p>\r\n\r\n<p><strong>Trung tâm CNTT và Truyền thông Khánh Hòa cung cấp dịch vụ bảo trì, bảo dưỡng hệ thống công nghệ thông tin với các nội dung sau:</strong></p>\r\n\r\n<p>- Xử lý các vấn đề mạng máy tính: kiểm tra, theo dõi hệ thống, các phương án khắc phục sự cố, quản lý việc truy xuất, bảo mật,&hellip;</p>\r\n\r\n<p>-&nbsp;Bảo trì định kỳ hệ thống mạng tại các cơ quan, doanh nghiệp.</p>\r\n\r\n<p>-&nbsp;Bảo trì webiste các tổ chức, doanh nghiệp.</p>\r\n\r\n<p>-&nbsp;Xây dựng và triển khai các giải pháp an toàn, an ninh thông tin trên mạng.</p>\r\n\r\n<p><a href=\"http://ttcntt.stttt.khanhhoa.gov.vn/kcitc/images/dich-vu/bao_tri.jpg\" rel=\"lightbox-com_content_article_53\" title=\"bao tri\"><img alt=\"bao tri\" src=\"http://ttcntt.stttt.khanhhoa.gov.vn/kcitc/images/thumbnails/images-dich-vu-bao_tri-stretch-452x452.jpg\" style=\"height:452px; width:452px\" /></a></p>\r\n\r\n<p><strong>Mọi thông tin vui lòng liên hệ:</strong></p>\r\n\r\n<p>TRUNG TÂM CÔNG NGHỆ THÔNG TIN VÀ TRUYỀN THÔNG KHÁNH HÒA</p>\r\n\r\n<p>Địa chỉ: 147 Thống Nhất, TP.&nbsp;Nha Trang</p>\r\n\r\n<p>Điện thoại: 058.3563028, 058.3820825</p>\r\n\r\n<p>Fax: 058.3816239</p>\r\n\r\n<p>Website: www.itkhanhhoa.vn</p>\r\n\r\n<p>Email:&nbsp;<a href=\"mailto:hoptac@itkhanhhoa.vn\">hoptac@itkhanhhoa.vn</a></p>\r\n', '2017-05-22 08:40:13', 12, 1, 'dịch vụ, web', 1, 0, 0, 0),
(126, 'skype-bi-loi-tin-nhan-hien-thi.png', 'Người sử dụng Skype trên Windows đã phát hiện ra một lỗi khiến các cuộc đàm thoạ', 'Người sử dụng Skype trên Windows đã phát hiện ra một lỗi khiến các cuộc đàm thoại có thể bị gián đoạn và thứ tự các dòng tin ', '<p><strong>Người sử dụng Skype trên Windows đã phát hiện ra một lỗi khiến các cuộc đàm thoại có thể bị gián đoạn và thứ tự các dòng tin nhắn bị đảo lộn.</strong><br />\r\n&nbsp;</p>\r\n', '2017-05-22 08:45:51', 18, 1, 'quy đổi chứng chỉ', 1, 0, 0, 0),
(127, 'VPNium 1.8 Premium.png', 'VPNium 1.8 Premium Full Crack', '\r\n\r\n\r\n\r\nHomepage: http://vpnium.com/\r\nGiao diện sau khi crack :\r\n\r\n\r\n\r\n\r\nHow to install:\r\n1. Run the setup, install the program\r\n2. Copy ', '<p><a href=\"http://2.bp.blogspot.com/-R3muL9ThikM/VTaGhTkXxMI/AAAAAAAAA9c/83II-jklsw8/s1600/VPNium%2B1.8%2BPremium.png\"><img src=\"http://2.bp.blogspot.com/-R3muL9ThikM/VTaGhTkXxMI/AAAAAAAAA9c/83II-jklsw8/s1600/VPNium%2B1.8%2BPremium.png\" /></a></p>\r\n\r\n<p><br />\r\n<br />\r\n<br />\r\nHomepage: http://vpnium.com/<br />\r\nGiao diện sau khi crack :<br />\r\n&nbsp;</p>\r\n\r\n<p><a href=\"http://1.bp.blogspot.com/-lC451IO61n0/VTaHc6pu82I/AAAAAAAAA9o/yQrZVdyaCvg/s1600/vnpium.png\"><img src=\"http://1.bp.blogspot.com/-lC451IO61n0/VTaHc6pu82I/AAAAAAAAA9o/yQrZVdyaCvg/s1600/vnpium.png\" style=\"height:320px; width:127px\" /></a></p>\r\n\r\n<p><br />\r\n<br />\r\nHow to install:<br />\r\n1. Run the setup, install the program<br />\r\n2. Copy Crack files, Paste Crack files into install dir.<br />\r\n3. Enjoy full version!<br />\r\n<br />\r\nLink:&nbsp;<a href=\"http://adf.ly/1FY7J7\">http://adf.ly/1FY7J7</a></p>\r\n', '2017-05-22 08:46:51', 18, 1, 'quy đổi chứng chỉ', 1, 0, 0, 1),
(128, 'xoa-so-ca-cong-ty-chi-vi-go-nham-mot-lenh-tren-may-tinh.jpg', 'Xóa Sổ Cả Công Ty Chỉ Vì Gõ Nhầm Một Lệnh Trên Máy Tính', 'Xóa Sổ Cả Công Ty Chỉ Vì Gõ Nhầm Một Lệnh Trên Máy Tính...', '<p><strong>Marco Marsala, chủ một công ty chuyên về hosting vừa phạm sai lầm nghề nghiệp &quot;chết người&quot;. Chỉ vì vô tình kích hoạt một dòng mã lệnh mà anh đã xóa toàn bộ tài nguyên của công ty cùng với dữ liệu của hơn 1.500 khách hàng.</strong></p>\r\n\r\n<p><a href=\"https://1.bp.blogspot.com/-bGCwhXt6jHs/VxWPYA1FY-I/AAAAAAAADwM/XArBlHGLGbA4JwBsWhdHoleXvoTXRHDtQCLcB/s1600/xoa-so-ca-cong-ty-chi-vi-go-nham-mot-lenh-tren-may-tinh.jpg\"><img src=\"https://1.bp.blogspot.com/-bGCwhXt6jHs/VxWPYA1FY-I/AAAAAAAADwM/XArBlHGLGbA4JwBsWhdHoleXvoTXRHDtQCLcB/s1600/xoa-so-ca-cong-ty-chi-vi-go-nham-mot-lenh-tren-may-tinh.jpg\" /></a></p>\r\n\r\n<p>Không hiểu sao Marco Marsala lại chạy dòng mã lệnh &quot;rm &ndash;rf&quot; trên máy chủ. Lệnh này khiến máy chủ xóa sạch sành sanh mọi thứ. Cú pháp &quot;Rm&quot; là &quot;xóa&quot;, còn &quot;r&quot; có nghĩa là toàn bộ dữ liệu trong thư mục, trong khi &quot;f&quot; là lệnh bắt buộc thực hiện. Lệnh này &quot;ép&quot; máy tính phải thực hiện lệnh xóa toàn diện mà không biện pháp nào có thể ngăn chặn được.</p>\r\n\r\n<p>Khi Marco Marsala kịp nhận ra sai lầm thì mọi thứ đã tiêu tùng. Dữ liệu của hơn 1.500 khách hàng quan trọng của công ty cũng tan theo mấy khói. Thực tế, ông chủ tội nghiệp này đã sao lưu dữ liệu từ trước nhưng do dữ liệu sao lưu lại để trên máy chủ kết nối nên cũng bị xóa sạch sẽ.</p>\r\n\r\n<p>Tất nhiên, Marco Marsala đã cầu cứu các chuyên gia có tay nghề cao hơn, nhưng để khôi phục một đống dữ liệu như vậy không phải chuyện đơn giản. Hóa đơn khôi phục dữ liệu cao vút sẽ làm nản lòng bất cứ ai có ý định này.</p>\r\n\r\n<p>Việc vô ý xóa sạch dữ liệu trên máy tính vẫn thường hay xảy ra. Tuy nhiên, tự tay mình xóa sạch dữ liệu của công ty, cộng với dữ liệu của hàng ngàn khách hàng khác thì đúng là chuyện xưa nay hiếm.</p>\r\n', '2017-05-22 08:48:02', 19, 1, 'thông báo', 1, 0, 0, 0),
(129, 'apple-sip-hack.png', 'Xuất Hiện Mã Khai Thác – Bypass Tính Năng Bảo Mật SIP Của Apple', 'Nếu đã cài đặt phiên bản mới nhất OS X 10.1.4 thì đã đến lúc người dùng cần thận trọng bởi lẽ đó là bản cập nhật “vô tích sự”', '<p><strong>Nếu đã cài đặt phiên bản mới nhất OS X 10.1.4 thì đã đến lúc người dùng cần thận trọng bởi lẽ đó là bản cập nhật &ldquo;vô tích sự&rdquo; của Apple. &nbsp;Phiên bản OS X El Capitan 10.11.4 và iOS 9.3 vẫn tồn tại lỗ hổng vượt quyền (privilege escalation vulnerability) ảnh hưởng tới 130 triệu người dùng Apple. Và bây giờ, đoạn mã khai thác cho phép bypass tính năng bảo mật SIP của Apple đã được công bố.</strong><br />\r\n&nbsp;</p>\r\n\r\n<p><a href=\"https://3.bp.blogspot.com/-TsGLkxsLtJE/VxWOgxbkV1I/AAAAAAAADwE/ILHnQCFrcWgvW1fJheqkGwFT7faOAZaCgCLcB/s1600/apple-sip-hack.png\"><img src=\"https://3.bp.blogspot.com/-TsGLkxsLtJE/VxWOgxbkV1I/AAAAAAAADwE/ILHnQCFrcWgvW1fJheqkGwFT7faOAZaCgCLcB/s1600/apple-sip-hack.png\" /></a></p>\r\n\r\n<p><br />\r\nChỉ vài ngày trước, chúng tôi đưa tin về lỗ hổng nguy hiểm vượt quyền trong cơ chế an ninh System Integrity Protection (SIP) của Apple, ảnh hưởng tới toàn bộ hệ điều hành OS X. Và ngay sau khi phát hành bản vá, SIP vẫn tiếp tục có thể bị bypass, đặt toàn bộ người dùng Apple vào nguy cơ bị tấn công.<br />\r\n<br />\r\nStefan Esser, một nhà nghiên cứu bảo mật đến từ Đức đã công bố mã khai thác bypass phiên bản mới nhất của ứng dụng SIP. Nó có thể được sử dụng để thay đổi cấu hình OS X với bất kỳ loại tài khoản nào.<br />\r\n<br />\r\nVới đoạn mã khai thác sau, nó có thể được sử dụng để thay đổi file cấu hình của hệ điều hành OS X mà không cần quyền root:<br />\r\n&nbsp;</p>\r\n\r\n<pre>\r\n1ln -s /S*/*/E*/A*Li*/*/I* /dev/diskX;fsck_cs /dev/diskX 1&gt;&amp;-;touch /Li*/Ex*/;reboot</pre>\r\n\r\n<p>Đoạn mã khai thác trên được thể hiện rõ ràng như sau:<br />\r\n&nbsp;</p>\r\n\r\n<pre>\r\n1234ln -s /System/Library/Extensions/AppleKextExcludeList.kext/Contents/Info.plist /dev/diskX\r\nfsck_cs /dev/diskX 1&gt;&amp;-\r\ntouch /Library/Extensions/\r\nReboot</pre>\r\n\r\n<p>Đoạn mã khai thác trên đã thực sự hoạt động và bypass qua tính năng bảo mật SIP của Apple cho phép chạy một tiến trình bất kỳ.<br />\r\n<br />\r\nSystem Integrity Protection (SIP) là gì ?<br />\r\n<br />\r\nApple đã giới thiệu một tính năng bảo mật mới có tên System Integrity Protection (SIP). Tính năng được thiết kế nhằm ngăn chặn những phần mềm độc hại có khả năng sửa đổi các tệp tin và các thư mục đã được bảo vệ trên thiết bị Mac.<br />\r\n<br />\r\nMục đích của SIP nhằm thắt chặt tài khoản gốc (root user) trên hệ điều hành OS X và giới hạn quyền của root user có thể can thiệp vào thành phần các quan trọng của hệ thống, thay đổi định dạng ổ đĩa và giới hạn quá trình debug một số ứng dụng cụ thể.<br />\r\n<br />\r\nVới tính năng SIP, mặc định các thư mục quan trọng sau sẽ được bảo vệ: /System, /usr, /bin, /sbin khi cài đặt các ứng dụng mới lên hệ điều hành OS X.</p>\r\n', '2017-05-22 08:48:58', 19, 1, 'thông báo,', 1, 0, 0, 0);
INSERT INTO `tintuc` (`id`, `anh`, `tieudetin`, `tomtattin`, `noidung`, `ngaydangtin`, `idloaitin`, `iduser`, `keyword`, `duyet`, `noibat`, `ttedit`, `thongbao`) VALUES
(130, 'thongbaochieusinh_25.jpg', 'Thông báo chiêu sinh', 'Thông báo chiêu sinh học viên,sinh viên cntt', '<p>Khóa Tin học văn phòng nâng cao sẽ giúp bạn soạn thảo Văn Bản, làm tính trên Excel, sử dụng phần mềm trình chiếu PowerPoint một cách nhanh nhất, chuyên nghiệp nhất.</p>\r\n\r\n<p><strong>1. Đối tượng nên học Khóa Tin học văn phòng nâng cao</strong></p>\r\n\r\n<p>&ndash; Là học sinh, sinh viên, người đi làm đã có kỹ năng cơ bản về sử dụng máy tính.</p>\r\n\r\n<p>&ndash; Có kiến thức về Tin học Văn phòng cơ bản</p>\r\n\r\n<p>&ndash; Là sinh viên chuẩn bị làm Luận Văn, Đồ Án tốt nghiệp, muốn sử dụng Word, Excel, PowerPoint để có thể trình bày Luận Văn, Đồ án một cách chuyên nghiệp và chính xác.</p>\r\n\r\n<p>&ndash; Là nhân viên Văn phòng, Công nhân viên chức&hellip;muốn nâng cao khả năng sử dụng phần mềm Tin học Văn phòng một cách chuyên nghiệp nhất.</p>\r\n\r\n<p><strong>2. Nôi dung của Khóa Tin học Văn Phòng nâng cao</strong></p>\r\n\r\n<p><strong>NỘI DUNG CHÍNH HỌC PHẦN WORD</strong></p>\r\n\r\n<p>BUỔI 1: TỔNG QUAN VỀ WORD &ndash; QUY TẮC SOẠN THẢO &ndash; CĂN CHỈNH LỀ &ndash; TAB</p>\r\n\r\n<p>BUỔI 2:</p>\r\n\r\n<p>TẠO TẠO CỘT VÀ NGẮT TRANG CHUYÊN NGHIỆP VỚI THỦ THUẬT NHANH</p>\r\n\r\n<p>PHÂN CHIA SECTION NÂNG CAO &ndash; LÀM VIỆC VỚI BẢNG</p>\r\n\r\n<p>BUỔI 3:</p>\r\n\r\n<p>LÀM VIỆC VỚI CÁC ĐỐI TƯỢNG ĐỒ HỌA &ndash; TRANG TRÍ CÁC ĐỐI TƯỢNG ĐỒ HỌA</p>\r\n\r\n<p>TẠO CÁC THAM CHIẾU TỚI WEBSITE, THAM CHIẾU TỚI HEADING, DÒNG VĂN BẢN, THAM CHIẾU TỚI CÁC VĂN BẢN KHÁC</p>\r\n\r\n<p>BUỔI 4:</p>\r\n\r\n<p>TẠO NHIỀU HEADER VÀ FOOTER KHÁC NHAU TRÊN CÙNG 1 TÀI LIỆU.&nbsp;</p>\r\n\r\n<p>TẠO MỤC LỤC TỰ ĐỘNG TRONG VĂN BẢN: MỤC LỤC HÌNH VẼ, MỤC LỤC BẢNG BIỂU, MỤC LỤC NỘI DUNG ; TẠO MACRO TRÊN TÀI LIỆU VĂN BẢN</p>\r\n\r\n<p>BUỔI 5:</p>\r\n\r\n<p>KỸ NĂNG TRỘN THƯ (MAIL MERGER)</p>\r\n\r\n<p>BÀI TẬP THỰC HÀNH&nbsp; NÂNG CAO &amp; CÁCH IN ẤN VĂN BẢN</p>\r\n\r\n<p><strong>NỘI DUNG CHÍNH HỌC PHẦN EXCEL&nbsp;</strong></p>\r\n\r\n<p>BUỔI 1: CÁC NHÓM HÀM TRONG EXCEL</p>\r\n\r\n<p>BUỔI 2: VẼ ĐỒ THỊ TRONG EXCEL- HIỆU CHỈNH THÔNG SỐ ĐỒ THỊ</p>\r\n\r\n<p>BUỔI 3: LỌC VÀ PHÂN TÍCH DỮ LIỆU NÂNG CAO</p>\r\n\r\n<p>BUỔI 4: KHAI THÁC CƠ SỞ DỮ LIỆU (LỌC DỮ LIỆU, TRÍCH RÚT DỮ LIỆU NÂNG CAO)</p>\r\n\r\n<p>BUỔI 5: PIVOT TABLE VÀ PIVOT CHART, LÀM VIỆC MỚI MACRO</p>\r\n\r\n<p>BUỔI 6:</p>\r\n\r\n<p>TRÌNH BÀY HEADER, FOOTER, MỤC LỤC TRONG EXCEL.</p>\r\n\r\n<p>BÀI TẬP THỰC HÀNH TỔNG HỢP NÂNG CAO</p>\r\n\r\n<p><strong>NỘI DUNG CHÍNH HỌC PHẦN POWERPOINT</strong></p>\r\n\r\n<p>BUỔI 1: CÁC BƯỚC TẠO MỘT FILE TRÌNH CHIẾU POWERPOINT</p>\r\n\r\n<p>BUỔI 2: TẠO HIỆU ỨNG NÂNG CAO CHO FILE TRÌNH CHIẾU</p>\r\n\r\n<p>BUỔI 3: THIẾT LẬP LIÊN KẾT VÀ THIẾT LẬP NÂNG CAO CHO FILE POWERPOINT</p>\r\n\r\n<p>BUỔI 4:</p>\r\n\r\n<p>KỸ NĂNG TRÌNH CHIẾU 1 BÀI THUYẾT TRÌNH HIỆU QUẢ</p>\r\n\r\n<p>IN ẤN TÀI LIỆU POWERPOINT</p>\r\n\r\n<p><strong>3. Phương pháp đào tạo của khóa Tin học văn phòng nâng cao</strong></p>\r\n\r\n<p>&ndash; Mỗi học viên được trang bị 1 máy tính + nối mạng Internet.</p>\r\n\r\n<p>&ndash; Học viên được giảng dạy về lý thuyết kết hợp thực hành luôn trên lớp và được cung cấp Bài tập thực hành về nhà.</p>\r\n\r\n<p>&ndash; Giảng dạy một cách chi tiết, dễ hiểu. Bài tập thực hành ứng dụng ngoài thực tiễn.</p>\r\n\r\n<p>&ndash; Giảng viên có nhiều kinh nghiệm, giảng dạy nhiệt tình, tận tâm.</p>\r\n\r\n<p>&ndash; Giảng dạy Tin học Văn phòng theo phương pháp &ldquo;Giảng viên kèm từng học viên&rdquo; nên hiệu quả thu được sau khóa học là tốt nhất.</p>\r\n\r\n<p><strong>4. Học phí, Thời gian và Địa điểm học</strong></p>\r\n\r\n<p>Thời gian học: Sáng 8h30&prime; &ndash; 10h30&lsquo; Chiều 2h30 &ndash; 4h30&prime; &nbsp;&nbsp;&nbsp;&nbsp;&nbsp;</p>\r\n\r\n<p>Thời lượng: 15 buổi</p>\r\n\r\n<p>Học phí: 2.200.000 đ</p>\r\n\r\n<p>Địa điểm: Trung tâm CNTT và Truyền thông Khánh Hòa</p>\r\n\r\n<p>&nbsp;</p>\r\n\r\n<p><strong>Mọi chi tiết xin liên hệ:</strong></p>\r\n\r\n<p>Trung tâm CNTT và Truyền thông Khánh Hòa</p>\r\n\r\n<p>Địa chỉ: 147 Thống Nhất, Nha Trang, Khánh Hòa.</p>\r\n\r\n<p>Điện thoại: 058.3820825.</p>\r\n', '2017-05-22 08:50:26', 19, 1, 'thông báo, chiêu sinh, cntt', 1, 0, 0, 1),
(140, '', 'Quy định đảm bảo an toàn thông tin số trong hoạt động ứng dụng công nghệ thông tin trên địa bàn tỉnh Khánh Hòa', '', '', '2017-05-28 23:56:51', 20, 3, '', 1, 0, 0, 0),
(141, '', 'Chỉ thị về việc tăng cường sử dụng các hệ thống thông tin dùng chung trong hoạt động của cơ quan nhà nước tỉnh Khánh Hoà', '', '', '2017-05-28 23:57:29', 20, 3, '', 1, 0, 0, 0),
(142, '', 'Kế hoạch ứng dụng công nghệ thông tin trong hoạt động của cơ quan nhà nước tỉnh Khánh Hòa giai đoạn 2016-2020', '', '', '2017-05-28 23:57:45', 20, 3, '', 1, 0, 0, 0),
(143, '', 'Quy định mức chi trả chế độ nhuận bút, thù lao, trích lập và quản lý quỹ nhuận bút đối với Bản tin, Trang thông tin điện tử của các cơ quan nhà nước thuộc tỉnh Khánh Hoà', '', '', '2017-05-28 23:57:58', 20, 3, '', 1, 0, 0, 0),
(144, '', 'Quy định về các sản phẩm phần mềm nguồn mở được ưu tiên mua sắm, sử dụng trong cơ quan, tổ chức nhà nước', '', '', '2017-05-28 23:58:13', 20, 3, '', 1, 0, 0, 1);

-- --------------------------------------------------------

--
-- Cấu trúc bảng cho bảng `user`
--

CREATE TABLE `user` (
  `id` int(10) NOT NULL,
  `username` varchar(255) COLLATE utf8_unicode_ci NOT NULL,
  `password` varchar(255) COLLATE utf8_unicode_ci NOT NULL,
  `anhdaidien` varchar(255) COLLATE utf8_unicode_ci NOT NULL,
  `hoten` varchar(255) COLLATE utf8_unicode_ci NOT NULL,
  `ngaysinh` date NOT NULL,
  `gioitinh` int(1) NOT NULL,
  `email` varchar(255) COLLATE utf8_unicode_ci NOT NULL,
  `phone` varchar(15) COLLATE utf8_unicode_ci NOT NULL,
  `gioithieubanthan` text COLLATE utf8_unicode_ci NOT NULL,
  `diachi` varchar(255) COLLATE utf8_unicode_ci NOT NULL,
  `idphanquyen` int(10) NOT NULL
) ENGINE=InnoDB DEFAULT CHARSET=utf8 COLLATE=utf8_unicode_ci;

--
-- Đang đổ dữ liệu cho bảng `user`
--

INSERT INTO `user` (`id`, `username`, `password`, `anhdaidien`, `hoten`, `ngaysinh`, `gioitinh`, `email`, `phone`, `gioithieubanthan`, `diachi`, `idphanquyen`) VALUES
(1, 'admin', '21232f297a57a5a743894a0e4a801fc3', 'admin.jpg', 'Nguyễn Văn Tây', '1995-04-24', 1, 'vantay.it@gmail.com', '0911290250', 'đang là nhân viên code thuê miễn phí', 'Tuy An, Phú Yên', 1),
(2, 'tientii', '21232f297a57a5a743894a0e4a801fc3', 'tien-poster.png', '', '0000-00-00', 0, '', '', '', '', 2),
(3, 'hoang', '21232f297a57a5a743894a0e4a801fc3', 'duyet.png', 'Phạm Hoàng', '0000-00-00', 0, '', '', '', '', 3);

--
-- Chỉ mục cho các bảng đã đổ
--

--
-- Chỉ mục cho bảng `loaitin`
--
ALTER TABLE `loaitin`
  ADD PRIMARY KEY (`id`);

--
-- Chỉ mục cho bảng `phanquyen`
--
ALTER TABLE `phanquyen`
  ADD PRIMARY KEY (`id`);

--
-- Chỉ mục cho bảng `quangcao`
--
ALTER TABLE `quangcao`
  ADD PRIMARY KEY (`id`);

--
-- Chỉ mục cho bảng `tintuc`
--
ALTER TABLE `tintuc`
  ADD PRIMARY KEY (`id`),
  ADD KEY `idloaitin` (`idloaitin`),
  ADD KEY `iduser` (`iduser`);

--
-- Chỉ mục cho bảng `user`
--
ALTER TABLE `user`
  ADD PRIMARY KEY (`id`),
  ADD KEY `idphanquyen` (`idphanquyen`);

--
-- AUTO_INCREMENT cho các bảng đã đổ
--

--
-- AUTO_INCREMENT cho bảng `loaitin`
--
ALTER TABLE `loaitin`
  MODIFY `id` int(10) NOT NULL AUTO_INCREMENT, AUTO_INCREMENT=21;
--
-- AUTO_INCREMENT cho bảng `phanquyen`
--
ALTER TABLE `phanquyen`
  MODIFY `id` int(10) NOT NULL AUTO_INCREMENT, AUTO_INCREMENT=4;
--
-- AUTO_INCREMENT cho bảng `quangcao`
--
ALTER TABLE `quangcao`
  MODIFY `id` int(11) NOT NULL AUTO_INCREMENT, AUTO_INCREMENT=3;
--
-- AUTO_INCREMENT cho bảng `tintuc`
--
ALTER TABLE `tintuc`
  MODIFY `id` int(10) NOT NULL AUTO_INCREMENT, AUTO_INCREMENT=145;
--
-- AUTO_INCREMENT cho bảng `user`
--
ALTER TABLE `user`
  MODIFY `id` int(10) NOT NULL AUTO_INCREMENT, AUTO_INCREMENT=4;
--
-- Các ràng buộc cho các bảng đã đổ
--

--
-- Các ràng buộc cho bảng `tintuc`
--
ALTER TABLE `tintuc`
  ADD CONSTRAINT `tintuc_ibfk_1` FOREIGN KEY (`idloaitin`) REFERENCES `loaitin` (`id`),
  ADD CONSTRAINT `tintuc_ibfk_2` FOREIGN KEY (`iduser`) REFERENCES `user` (`id`);

--
-- Các ràng buộc cho bảng `user`
--
ALTER TABLE `user`
  ADD CONSTRAINT `user_ibfk_1` FOREIGN KEY (`idphanquyen`) REFERENCES `phanquyen` (`id`);

/*!40101 SET CHARACTER_SET_CLIENT=@OLD_CHARACTER_SET_CLIENT */;
/*!40101 SET CHARACTER_SET_RESULTS=@OLD_CHARACTER_SET_RESULTS */;
/*!40101 SET COLLATION_CONNECTION=@OLD_COLLATION_CONNECTION */;
